id,name,age,gender,city,email,phone_number,created_at,created_by,updated_by,updated_at,card_id,card_number,expired_at
1,test_m1,20,m,London,test_m1@gmail.com,15800000000,2021-07-31 18:24:22.399715+00:00,yaozeliang,,2021-07-31 18:24:22.400716+00:00,41dced50-32bc-43c9-9904-e611acf969cb,41dced50,2022-07-31 18:24:22.400716+00:00
2,test_m3,18,m,Paris,test_3@gmail.com,13666666666,2021-07-31 18:24:51.578547+00:00,yaozeliang,admin_1,2021-07-31 18:27:11.126713+00:00,4571a875-cf32-42d0-ba4e-5f54f395e09d,4571a875,2022-07-31 18:27:11.126713+00:00
3,test_m2,20,m,Paris,test_m2@gmail.com,13000000000,2021-07-31 18:27:37.716707+00:00,admin_1,,2021-07-31 18:27:37.717708+00:00,d488c8c1-fc08-4502-ad54-cdc2c72a818f,d488c8c1,2022-07-31 18:27:37.717708+00:00
4,test_m4,20,m,Beijing,test_m4@gmail.com,13600000000,2021-07-31 20:29:29.402416+00:00,yaozeliang,,2021-07-31 20:29:29.408377+00:00,709d3c7d-f2ff-48b6-b80e-2e49c59ddc7f,709d3c7d,2022-07-31 20:29:29.407381+00:00
5,test_m7,20,m,Beijing,test_5@gmail.com,15098765432,2021-08-01 14:17:16.551384+00:00,admin_2,yaozeliang,2021-08-02 17:47:27.412336+00:00,79db64d6-464c-4b7d-98d9-6abee69fc0a7,79db64d6,2022-08-02 17:47:27.412336+00:00
6,test_m6,27,f,London,test_m6@outlook.com,13245678909,2021-08-01 14:21:08.023026+00:00,admin_2,yaozeliang,2021-08-01 20:57:48.899682+00:00,87ec4380-a2fd-4b95-8afb-02aaefbd25d0,87ec4380,2022-08-01 20:57:48.898720+00:00
7,test_m5,14,f,Milan,test_m5@outlook.com,12344444444,2021-08-02 09:50:39.224378+00:00,yaozeliang,,2021-08-02 09:50:39.229376+00:00,38dfcba4-8e97-4c99-a626-05cc704191df,38dfcba4,2022-08-02 09:50:39.228383+00:00
8,John Brown,20,m,New York,john@outlook.com,12344456768,2021-08-03 13:54:39.777705+00:00,yaozeliang,,2021-08-03 13:54:39.784316+00:00,5ab5d17b-60da-4bc4-af8b-c5c88c88d984,5ab5d17b,2022-08-03 13:54:39.784316+00:00
9,John Johnson,20,m,Salt City,john.johnson@outlook.com,130000000987,2021-08-03 13:55:14.516689+00:00,yaozeliang,,2021-08-03 13:55:14.519571+00:00,dc70ce69-40e4-4f75-a951-402fe129198d,dc70ce69,2022-08-03 13:55:14.518522+00:00
10,Andrew Green,20,m,L.A,andrew.green@gmail.com,13000009283,2021-08-03 13:56:03.567085+00:00,yaozeliang,,2021-08-03 13:56:03.570349+00:00,8a57f31d-6a68-4994-9298-15f5c3dc5f8d,8a57f31d,2022-08-03 13:56:03.569342+00:00
11,Claire Andson,33,f,New York,claire@outlook.com,13777777777,2021-08-03 20:18:31.155942+00:00,yaozeliang,,2021-08-03 20:18:31.159950+00:00,aeeb057c-21ec-4347-a4d3-ad5175c79208,aeeb057c,2022-08-03 20:18:31.159950+00:00
12,Emilia,17,f,ShangHai,Emilia@outlook.com,13777777790,2021-08-04 18:49:13.675771+00:00,admin_1,yaozeliang,2021-08-05 13:02:42.481578+00:00,b25009d3-9722-4a74-a128-b211a9a3e469,b25009d3,2022-08-05 13:02:42.480578+00:00
13,anderson green,54,m,New York,anderson@gmail.com,13700000000,2021-08-05 14:06:12.391822+00:00,yaozeliang,,2021-08-05 14:06:12.395828+00:00,49e3c367-1eca-4eb7-9d68-98a51faa81ac,49e3c367,2022-08-05 14:06:12.395828+00:00
14,test_m99,20,f,New York,test_m99@gmail.com,13700000000,2021-08-09 17:38:05.664814+00:00,admin_1,,2021-08-09 17:38:05.670814+00:00,542f2651-6037-41cc-9e49-a2f051c25692,542f2651,2022-08-09 17:38:05.669819+00:00
15,test_100,20,m,Beijing,test_100@gmail.com,13500000000,2021-08-12 13:39:02.192884+00:00,admin_1,,2021-08-12 13:39:02.197888+00:00,f64e12fc-6e75-492d-bb94-4c5b08e8c348,f64e12fc,2022-08-12 13:39:02.197888+00:00
16,Last Member,20,m,Shanghai,last@outlook.com,13777777777,2021-08-13 13:41:11.579199+00:00,yaozeliang,,2021-08-13 13:41:11.634321+00:00,0dbad35a-e15e-4315-a5e6-6406ea7b90fb,0dbad35a,2022-08-13 13:41:11.633322+00:00
19,Lousen,20,m,Paris,Lousen@outlook.com,13600000000,2021-08-29 18:56:57.489649+00:00,admin_1,,2021-08-29 18:56:57.493652+00:00,ef5096be-bbce-4949-bf4e-295541d08d0b,ef5096be,2022-08-29 18:56:57.492650+00:00
20,Septemper User,20,m,London,sep@outlook.com,13777777777,2021-09-01 08:52:53.505031+00:00,yaozeliang,,2021-09-01 08:52:53.508074+00:00,22dbc650-f81c-4526-b6ea-0e80bf0eb936,22dbc650,2022-09-01 08:52:53.508074+00:00
21,ooo,45,m,Paris,ooo@outlook.com,11111111111,2021-09-06 22:35:28.790202+00:00,yaozeliang,yaozeliang,2021-09-06 22:40:29.610185+00:00,d80eb971-83b3-4d6c-b267-90cc66678d25,d80eb971,2022-09-06 22:40:29.610185+00:00
